{
  "t_mean": 1456.0,
  "t_std": 807.3017578225,
  "h_in_mean": 4.358180999755859,
  "h_in_std": 2.0001123051507568,
  "dh_in_mean": 0.001087434240616858,
  "dh_in_std": 0.16718188928199768,
  "h_mean": 0.0023318405728787184,
  "h_std": 0.9959359269006348
}