{
  "by_horizon": [
    0.3406796157360077,
    0.4155137836933136,
    0.4976665675640106,
    0.5705709457397461,
    0.627275288105011,
    0.6643989086151123,
    0.6937537789344788
  ],
  "overall": 0.5568791627883911,
  "n": 239,
  "note": "std of residuals using 2023(val_all)+2024(dry,wet); target7 climatology mode"
}