{
  "val": {
    "all": {
      "best_k": 0,
      "base_rmse": 0.5976022481918335,
      "aligned_rmse": 0.5976022481918335,
      "gain": 0.0
    },
    "dry": {
      "best_k": -10,
      "base_rmse": 0.1295228898525238,
      "aligned_rmse": 0.11433582752943039,
      "gain": 0.015187062323093414
    },
    "wet": {
      "best_k": -6,
      "base_rmse": 0.8351531028747559,
      "aligned_rmse": 0.6810076236724854,
      "gain": 0.1541454792022705
    }
  },
  "test_applied": {
    "dry": {
      "k": -10,
      "rmse_before": 0.2084909826517105,
      "rmse_after": 0.22717055678367615,
      "gain": -0.018679574131965637
    },
    "wet": {
      "k": -6,
      "rmse_before": 1.0849465131759644,
      "rmse_after": 1.1543301343917847,
      "gain": -0.06938362121582031
    },
    "all": {
      "k": 0,
      "rmse_before": 0.7842524647712708,
      "rmse_after": 0.7842524647712708,
      "gain": 0.0
    }
  }
}